{
  "Total" : {
    "transaction" : "Total",
    "sampleCount" : 6,
    "errorCount" : 6,
    "errorPct" : 100.0,
    "meanResTime" : 2.1666666666666665,
    "medianResTime" : 2.0,
    "minResTime" : 1.0,
    "maxResTime" : 4.0,
    "pct1ResTime" : 4.0,
    "pct2ResTime" : 4.0,
    "pct3ResTime" : 4.0,
    "throughput" : 68.9655172413793,
    "receivedKBytesPerSec" : 48.89547413793104,
    "sentKBytesPerSec" : 33.33782327586207
  },
  "/auth/g" : {
    "transaction" : "/auth/g",
    "sampleCount" : 6,
    "errorCount" : 6,
    "errorPct" : 100.0,
    "meanResTime" : 2.1666666666666665,
    "medianResTime" : 2.0,
    "minResTime" : 1.0,
    "maxResTime" : 4.0,
    "pct1ResTime" : 4.0,
    "pct2ResTime" : 4.0,
    "pct3ResTime" : 4.0,
    "throughput" : 68.9655172413793,
    "receivedKBytesPerSec" : 48.89547413793104,
    "sentKBytesPerSec" : 33.33782327586207
  }
}